Producto,Suma_Total
Manzana,149.48000000000002
Naranja,45.34000000000001
Platano,202.8
